id,value,lichen
Nostocaceae_uncl_Otu00002,0.00322163,Cladonia
Nostocaceae_uncl_Otu00002,0.943136724,Cora
Nostocaceae_uncl_Otu00002,0.051136603,Hypotrachyna
Nostocaceae_uncl_Otu00002,0.000156565,Peltigera
Nostocaceae_uncl_Otu00002,0.00031313,Stereocaulon
Nostocaceae_uncl_Otu00002,0.001848674,Sticta
Nostocaceae_uncl_Otu00002,0.000186674,Usnea
Cyanobacteria_uncl_Otu00003,0.000283808,Cladonia
Cyanobacteria_uncl_Otu00003,7.67E-05,Cora
Cyanobacteria_uncl_Otu00003,0.382357904,Hypotrachyna
Cyanobacteria_uncl_Otu00003,9.20E-05,Peltigera
Cyanobacteria_uncl_Otu00003,0.000237785,Stereocaulon
Cyanobacteria_uncl_Otu00003,0.000621309,Sticta
Cyanobacteria_uncl_Otu00003,0.616330444,Usnea
Nostoc_uncl_Otu00004,0.000143658,Cladonia
Nostoc_uncl_Otu00004,0.000439423,Cora
Nostoc_uncl_Otu00004,0.009287036,Hypotrachyna
Nostoc_uncl_Otu00004,0.742455868,Peltigera
Nostoc_uncl_Otu00004,0.005399833,Stereocaulon
Nostoc_uncl_Otu00004,0.185495661,Sticta
Nostoc_uncl_Otu00004,0.056778522,Usnea
Cyanobacteria_uncl_Otu00005,0.748013238,Cladonia
Cyanobacteria_uncl_Otu00005,0.000135077,Cora
Cyanobacteria_uncl_Otu00005,9.01E-05,Hypotrachyna
Cyanobacteria_uncl_Otu00005,3.38E-05,Peltigera
Cyanobacteria_uncl_Otu00005,0.251356402,Stereocaulon
Cyanobacteria_uncl_Otu00005,0.000112564,Sticta
Cyanobacteria_uncl_Otu00005,0.000258898,Usnea
Nostoc_uncl_96__Otu00007,0.000341991,Cladonia
Nostoc_uncl_96__Otu00007,0.002924027,Cora
Nostoc_uncl_96__Otu00007,0.002188745,Hypotrachyna
Nostoc_uncl_96__Otu00007,0.008669482,Peltigera
Nostoc_uncl_96__Otu00007,0.047434209,Stereocaulon
Nostoc_uncl_96__Otu00007,0.938031155,Sticta
Nostoc_uncl_96__Otu00007,0.00041039,Usnea
Rhizobiales_uncl_96__Otu00008,0.030364165,Cladonia
Rhizobiales_uncl_96__Otu00008,0.038707471,Cora
Rhizobiales_uncl_96__Otu00008,0.312155924,Hypotrachyna
Rhizobiales_uncl_96__Otu00008,0.010907847,Peltigera
Rhizobiales_uncl_96__Otu00008,0.134040007,Stereocaulon
Rhizobiales_uncl_96__Otu00008,0.416276287,Sticta
Rhizobiales_uncl_96__Otu00008,0.057548299,Usnea
Caulobacteraceae_uncl_98__Otu00011,0.386433755,Cladonia
Caulobacteraceae_uncl_98__Otu00011,0.003432842,Cora
Caulobacteraceae_uncl_98__Otu00011,0.198539956,Hypotrachyna
Caulobacteraceae_uncl_98__Otu00011,0.002172685,Peltigera
Caulobacteraceae_uncl_98__Otu00011,0.178638161,Stereocaulon
Caulobacteraceae_uncl_98__Otu00011,0.086038326,Sticta
Caulobacteraceae_uncl_98__Otu00011,0.144744275,Usnea
Sphingomonas_uncl_59__Otu00013,0.001970095,Cladonia
Sphingomonas_uncl_59__Otu00013,0.553798747,Cora
Sphingomonas_uncl_59__Otu00013,0.035360679,Hypotrachyna
Sphingomonas_uncl_59__Otu00013,0.165437462,Peltigera
Sphingomonas_uncl_59__Otu00013,0.053091534,Stereocaulon
Sphingomonas_uncl_59__Otu00013,0.185744595,Sticta
Sphingomonas_uncl_59__Otu00013,0.004596888,Usnea
Acetobacteraceae_uncl_Otu00015,0.119986851,Cladonia
Acetobacteraceae_uncl_Otu00015,0.00887574,Cora
Acetobacteraceae_uncl_Otu00015,0.05480417,Hypotrachyna
Acetobacteraceae_uncl_Otu00015,9.39E-05,Peltigera
Acetobacteraceae_uncl_Otu00015,0.073072227,Stereocaulon
Acetobacteraceae_uncl_Otu00015,0.008734855,Sticta
Acetobacteraceae_uncl_Otu00015,0.734432234,Usnea
Acidobacteriaceae_uncl_Otu00017,0.157179351,Cladonia
Acidobacteriaceae_uncl_Otu00017,0.021545284,Cora
Acidobacteriaceae_uncl_Otu00017,0.310743722,Hypotrachyna
Acidobacteriaceae_uncl_Otu00017,0.002072589,Peltigera
Acidobacteriaceae_uncl_Otu00017,0.066467441,Stereocaulon
Acidobacteriaceae_uncl_Otu00017,0.075046995,Sticta
Acidobacteriaceae_uncl_Otu00017,0.366944618,Usnea
Nostocaceae_uncl_Otu00020,0.01793278,Cladonia
Nostocaceae_uncl_Otu00020,0.002805435,Cora
Nostocaceae_uncl_Otu00020,0.047472358,Hypotrachyna
Nostocaceae_uncl_Otu00020,0.000605094,Peltigera
Nostocaceae_uncl_Otu00020,0.922327961,Stereocaulon
Nostocaceae_uncl_Otu00020,0.008856373,Sticta
Nostocaceae_uncl_Otu00020,0,Usnea
Others_uncl_Otu00021,0.087531747,Cladonia
Others_uncl_Otu00021,0.034020436,Cora
Others_uncl_Otu00021,0.288405883,Hypotrachyna
Others_uncl_Otu00021,0.001299392,Peltigera
Others_uncl_Otu00021,0.23377237,Stereocaulon
Others_uncl_Otu00021,0.299096332,Sticta
Others_uncl_Otu00021,0.055873841,Usnea
Mucilaginibacter_jinjuensis_97__Otu00022,0.001820922,Cladonia
Mucilaginibacter_jinjuensis_97__Otu00022,0.959186236,Cora
Mucilaginibacter_jinjuensis_97__Otu00022,0.000251162,Hypotrachyna
Mucilaginibacter_jinjuensis_97__Otu00022,0.02473942,Peltigera
Mucilaginibacter_jinjuensis_97__Otu00022,0.000125581,Stereocaulon
Mucilaginibacter_jinjuensis_97__Otu00022,0.013499937,Sticta
Mucilaginibacter_jinjuensis_97__Otu00022,0.000376742,Usnea
Acidobacteriaceae_uncl_Otu00024,0.12344052,Cladonia
Acidobacteriaceae_uncl_Otu00024,0.066069232,Cora
Acidobacteriaceae_uncl_Otu00024,0.216570023,Hypotrachyna
Acidobacteriaceae_uncl_Otu00024,0.024951678,Peltigera
Acidobacteriaceae_uncl_Otu00024,0.344842734,Stereocaulon
Acidobacteriaceae_uncl_Otu00024,0.19803198,Sticta
Acidobacteriaceae_uncl_Otu00024,0.026093832,Usnea
Acetobacteraceae_uncl_Otu00025,0.412006458,Cladonia
Acetobacteraceae_uncl_Otu00025,0.02553941,Cora
Acetobacteraceae_uncl_Otu00025,0.30309702,Hypotrachyna
Acetobacteraceae_uncl_Otu00025,0.003155732,Peltigera
Acetobacteraceae_uncl_Otu00025,0.154557464,Stereocaulon
Acetobacteraceae_uncl_Otu00025,0.06920593,Sticta
Acetobacteraceae_uncl_Otu00025,0.032437986,Usnea
Rhizobiales_uncl_97__Otu00026,0.006371651,Cladonia
Rhizobiales_uncl_97__Otu00026,0.135201187,Cora
Rhizobiales_uncl_97__Otu00026,0.247010561,Hypotrachyna
Rhizobiales_uncl_97__Otu00026,0.026184865,Peltigera
Rhizobiales_uncl_97__Otu00026,0.281836432,Stereocaulon
Rhizobiales_uncl_97__Otu00026,0.277908702,Sticta
Rhizobiales_uncl_97__Otu00026,0.025486602,Usnea
Acetobacteraceae_uncl_Otu00027,0.119808307,Cladonia
Acetobacteraceae_uncl_Otu00027,0.001597444,Cora
Acetobacteraceae_uncl_Otu00027,0.19931187,Hypotrachyna
Acetobacteraceae_uncl_Otu00027,0.000737282,Peltigera
Acetobacteraceae_uncl_Otu00027,0.249447039,Stereocaulon
Acetobacteraceae_uncl_Otu00027,0.004177931,Sticta
Acetobacteraceae_uncl_Otu00027,0.424920128,Usnea
Cyanobacteria_uncl_Otu00028,0.016198431,Cladonia
Cyanobacteria_uncl_Otu00028,0.0002531,Cora
Cyanobacteria_uncl_Otu00028,0,Hypotrachyna
Cyanobacteria_uncl_Otu00028,0,Peltigera
Cyanobacteria_uncl_Otu00028,0.983126635,Stereocaulon
Cyanobacteria_uncl_Otu00028,0,Sticta
Cyanobacteria_uncl_Otu00028,0.000421834,Usnea
Verrucomicrobia_uncl_Otu00031,0.029657272,Cladonia
Verrucomicrobia_uncl_Otu00031,0.100461554,Cora
Verrucomicrobia_uncl_Otu00031,0.269370519,Hypotrachyna
Verrucomicrobia_uncl_Otu00031,0.011293332,Peltigera
Verrucomicrobia_uncl_Otu00031,0.149366591,Stereocaulon
Verrucomicrobia_uncl_Otu00031,0.409800648,Sticta
Verrucomicrobia_uncl_Otu00031,0.030050083,Usnea
Acetobacteraceae_uncl_Otu00032,0.442738509,Cladonia
Acetobacteraceae_uncl_Otu00032,0.023174971,Cora
Acetobacteraceae_uncl_Otu00032,0.184916956,Hypotrachyna
Acetobacteraceae_uncl_Otu00032,0.002607184,Peltigera
Acetobacteraceae_uncl_Otu00032,0.180475087,Stereocaulon
Acetobacteraceae_uncl_Otu00032,0.112784859,Sticta
Acetobacteraceae_uncl_Otu00032,0.053302433,Usnea
Caulobacteraceae_uncl_Otu00033,0.009217057,Cladonia
Caulobacteraceae_uncl_Otu00033,0.501367366,Cora
Caulobacteraceae_uncl_Otu00033,0.063202674,Hypotrachyna
Caulobacteraceae_uncl_Otu00033,0.073331308,Peltigera
Caulobacteraceae_uncl_Otu00033,0.128127216,Stereocaulon
Caulobacteraceae_uncl_Otu00033,0.082750937,Sticta
Caulobacteraceae_uncl_Otu00033,0.142003444,Usnea
Bradyrhizobiaceae_uncl_84__Otu00034,0.135615914,Cladonia
Bradyrhizobiaceae_uncl_84__Otu00034,0.138102525,Cora
Bradyrhizobiaceae_uncl_84__Otu00034,0.089326702,Hypotrachyna
Bradyrhizobiaceae_uncl_84__Otu00034,0.254686305,Peltigera
Bradyrhizobiaceae_uncl_84__Otu00034,0.096977812,Stereocaulon
Bradyrhizobiaceae_uncl_84__Otu00034,0.248756695,Sticta
Bradyrhizobiaceae_uncl_84__Otu00034,0.036534047,Usnea
Cyanobacteria_uncl_Otu00036,0.01011416,Cladonia
Cyanobacteria_uncl_Otu00036,0.014320048,Cora
Cyanobacteria_uncl_Otu00036,0.078810334,Hypotrachyna
Cyanobacteria_uncl_Otu00036,0.001502103,Peltigera
Cyanobacteria_uncl_Otu00036,0.001502103,Stereocaulon
Cyanobacteria_uncl_Otu00036,0.008211496,Sticta
Cyanobacteria_uncl_Otu00036,0.885539756,Usnea
Acetobacteraceae_uncl_Otu00037,0.014065085,Cladonia
Acetobacteraceae_uncl_Otu00037,0.218422504,Cora
Acetobacteraceae_uncl_Otu00037,0.078461114,Hypotrachyna
Acetobacteraceae_uncl_Otu00037,0.050882515,Peltigera
Acetobacteraceae_uncl_Otu00037,0.158714837,Stereocaulon
Acetobacteraceae_uncl_Otu00037,0.318394926,Sticta
Acetobacteraceae_uncl_Otu00037,0.161059018,Usnea
Methylacidiphilales_uncl_Otu00038,0.039182283,Cladonia
Methylacidiphilales_uncl_Otu00038,0.147572402,Cora
Methylacidiphilales_uncl_Otu00038,0.531516184,Hypotrachyna
Methylacidiphilales_uncl_Otu00038,0.009689097,Peltigera
Methylacidiphilales_uncl_Otu00038,0.081345826,Stereocaulon
Methylacidiphilales_uncl_Otu00038,0.179620954,Sticta
Methylacidiphilales_uncl_Otu00038,0.011073254,Usnea
Acetobacteraceae_uncl_Otu00040,0.878588183,Cladonia
Acetobacteraceae_uncl_Otu00040,0.002233888,Cora
Acetobacteraceae_uncl_Otu00040,0.029822406,Hypotrachyna
Acetobacteraceae_uncl_Otu00040,0.000446778,Peltigera
Acetobacteraceae_uncl_Otu00040,0.047358427,Stereocaulon
Acetobacteraceae_uncl_Otu00040,0.017424327,Sticta
Acetobacteraceae_uncl_Otu00040,0.024125991,Usnea
Terriglobus_uncl_Otu00041,0.089561162,Cladonia
Terriglobus_uncl_Otu00041,0.30563195,Cora
Terriglobus_uncl_Otu00041,0.215353342,Hypotrachyna
Terriglobus_uncl_Otu00041,0.021523377,Peltigera
Terriglobus_uncl_Otu00041,0.114910917,Stereocaulon
Terriglobus_uncl_Otu00041,0.230180557,Sticta
Terriglobus_uncl_Otu00041,0.022838694,Usnea
Acetobacteraceae_uncl_Otu00042,0.273739048,Cladonia
Acetobacteraceae_uncl_Otu00042,0.056358039,Cora
Acetobacteraceae_uncl_Otu00042,0.278830215,Hypotrachyna
Acetobacteraceae_uncl_Otu00042,0.009708738,Peltigera
Acetobacteraceae_uncl_Otu00042,0.191806772,Stereocaulon
Acetobacteraceae_uncl_Otu00042,0.145749467,Sticta
Acetobacteraceae_uncl_Otu00042,0.04380772,Usnea
Acetobacteraceae_uncl_Otu00043,0.637615741,Cladonia
Acetobacteraceae_uncl_Otu00043,0.001157407,Cora
Acetobacteraceae_uncl_Otu00043,0.076041667,Hypotrachyna
Acetobacteraceae_uncl_Otu00043,0,Peltigera
Acetobacteraceae_uncl_Otu00043,0.017592593,Stereocaulon
Acetobacteraceae_uncl_Otu00043,0.021643519,Sticta
Acetobacteraceae_uncl_Otu00043,0.245949074,Usnea
Acidobacteriaceae_uncl_96__Otu00044,0.070357411,Cladonia
Acidobacteriaceae_uncl_96__Otu00044,0.103974006,Cora
Acidobacteriaceae_uncl_96__Otu00044,0.273056736,Hypotrachyna
Acidobacteriaceae_uncl_96__Otu00044,0.05636091,Peltigera
Acidobacteriaceae_uncl_96__Otu00044,0.021869533,Stereocaulon
Acidobacteriaceae_uncl_96__Otu00044,0.458635341,Sticta
Acidobacteriaceae_uncl_96__Otu00044,0.015746063,Usnea
Verrucomicrobia_uncl_Otu00045,0.02461156,Cladonia
Verrucomicrobia_uncl_Otu00045,0.052206339,Cora
Verrucomicrobia_uncl_Otu00045,0.554257303,Hypotrachyna
Verrucomicrobia_uncl_Otu00045,0.004847732,Peltigera
Verrucomicrobia_uncl_Otu00045,0.064263518,Stereocaulon
Verrucomicrobia_uncl_Otu00045,0.286761964,Sticta
Verrucomicrobia_uncl_Otu00045,0.013051585,Usnea
Acetobacteraceae_uncl_Otu00047,0.109882879,Cladonia
Acetobacteraceae_uncl_Otu00047,0.045137518,Cora
Acetobacteraceae_uncl_Otu00047,0.195552046,Hypotrachyna
Acetobacteraceae_uncl_Otu00047,0.071193578,Peltigera
Acetobacteraceae_uncl_Otu00047,0.061323858,Stereocaulon
Acetobacteraceae_uncl_Otu00047,0.243847875,Sticta
Acetobacteraceae_uncl_Otu00047,0.273062245,Usnea
Acidisoma_uncl_Otu00048,0.539453326,Cladonia
Acidisoma_uncl_Otu00048,0.03700361,Cora
Acidisoma_uncl_Otu00048,0.151753481,Hypotrachyna
Acidisoma_uncl_Otu00048,0.013795771,Peltigera
Acidisoma_uncl_Otu00048,0.120938628,Stereocaulon
Acidisoma_uncl_Otu00048,0.091799897,Sticta
Acidisoma_uncl_Otu00048,0.045255286,Usnea
Methylobacterium_uncl_Otu00049,0.019516729,Cladonia
Methylobacterium_uncl_Otu00049,0.443441317,Cora
Methylobacterium_uncl_Otu00049,0.209771641,Hypotrachyna
Methylobacterium_uncl_Otu00049,0.039830058,Peltigera
Methylobacterium_uncl_Otu00049,0.026022305,Stereocaulon
Methylobacterium_uncl_Otu00049,0.252257037,Sticta
Methylobacterium_uncl_Otu00049,0.009160913,Usnea
Acidobacteriaceae_uncl_Otu00052,0.123318724,Cladonia
Acidobacteriaceae_uncl_Otu00052,0.053045187,Cora
Acidobacteriaceae_uncl_Otu00052,0.339277618,Hypotrachyna
Acidobacteriaceae_uncl_Otu00052,0.043070878,Peltigera
Acidobacteriaceae_uncl_Otu00052,0.055009823,Stereocaulon
Acidobacteriaceae_uncl_Otu00052,0.276409249,Sticta
Acidobacteriaceae_uncl_Otu00052,0.10986852,Usnea
Chthoniobacterales__uncl_99__Otu00055,0.026677713,Cladonia
Chthoniobacterales__uncl_99__Otu00055,0.168351284,Cora
Chthoniobacterales__uncl_99__Otu00055,0.095443248,Hypotrachyna
Chthoniobacterales__uncl_99__Otu00055,0.009113505,Peltigera
Chthoniobacterales__uncl_99__Otu00055,0.269262635,Stereocaulon
Chthoniobacterales__uncl_99__Otu00055,0.41955261,Sticta
Chthoniobacterales__uncl_99__Otu00055,0.011599006,Usnea
Beijerinckiaceae_uncl_97__Otu00056,0.346560048,Cladonia
Beijerinckiaceae_uncl_97__Otu00056,0.000150875,Cora
Beijerinckiaceae_uncl_97__Otu00056,0.119643935,Hypotrachyna
Beijerinckiaceae_uncl_97__Otu00056,0,Peltigera
Beijerinckiaceae_uncl_97__Otu00056,0.008147254,Stereocaulon
Beijerinckiaceae_uncl_97__Otu00056,0.001207001,Sticta
Beijerinckiaceae_uncl_97__Otu00056,0.524290887,Usnea
Acidobacteriaceae_uncl_95__Otu00057,0.074663403,Cladonia
Acidobacteriaceae_uncl_95__Otu00057,0.023051816,Cora
Acidobacteriaceae_uncl_95__Otu00057,0.602611179,Hypotrachyna
Acidobacteriaceae_uncl_95__Otu00057,0.013871889,Peltigera
Acidobacteriaceae_uncl_95__Otu00057,0.10505916,Stereocaulon
Acidobacteriaceae_uncl_95__Otu00057,0.06629947,Sticta
Acidobacteriaceae_uncl_95__Otu00057,0.114443084,Usnea
Chthoniobacteraceae__uncl_66__Otu00058,0.011144722,Cladonia
Chthoniobacteraceae__uncl_66__Otu00058,0.135010349,Cora
Chthoniobacteraceae__uncl_66__Otu00058,0.333704824,Hypotrachyna
Chthoniobacteraceae__uncl_66__Otu00058,0.012577615,Peltigera
Chthoniobacteraceae__uncl_66__Otu00058,0.028180226,Stereocaulon
Chthoniobacteraceae__uncl_66__Otu00058,0.466486228,Sticta
Chthoniobacteraceae__uncl_66__Otu00058,0.012896036,Usnea
Acetobacteraceae_uncl_Otu00060,0.416191753,Cladonia
Acetobacteraceae_uncl_Otu00060,0.026818639,Cora
Acetobacteraceae_uncl_Otu00060,0.059168622,Hypotrachyna
Acetobacteraceae_uncl_Otu00060,0.001508548,Peltigera
Acetobacteraceae_uncl_Otu00060,0.406134764,Stereocaulon
Acetobacteraceae_uncl_Otu00060,0.079617834,Sticta
Acetobacteraceae_uncl_Otu00060,0.010559839,Usnea
Beijerinckia_uncl_76__Otu00062,0.444043941,Cladonia
Beijerinckia_uncl_76__Otu00062,0.021112255,Cora
Beijerinckia_uncl_76__Otu00062,0.360453141,Hypotrachyna
Beijerinckia_uncl_76__Otu00062,0.005149331,Peltigera
Beijerinckia_uncl_76__Otu00062,0.053209749,Stereocaulon
Beijerinckia_uncl_76__Otu00062,0.07174734,Sticta
Beijerinckia_uncl_76__Otu00062,0.044284243,Usnea
Chthoniobacteraceae__uncl_82__Otu00063,0.290361446,Cladonia
Chthoniobacteraceae__uncl_82__Otu00063,0.043717728,Cora
Chthoniobacteraceae__uncl_82__Otu00063,0.313080895,Hypotrachyna
Chthoniobacteraceae__uncl_82__Otu00063,0.012564544,Peltigera
Chthoniobacteraceae__uncl_82__Otu00063,0.192943201,Stereocaulon
Chthoniobacteraceae__uncl_82__Otu00063,0.050086059,Sticta
Chthoniobacteraceae__uncl_82__Otu00063,0.097246127,Usnea
Mucilaginibacter_uncl_Otu00064,0.001049685,Cladonia
Mucilaginibacter_uncl_Otu00064,0.008922323,Cora
Mucilaginibacter_uncl_Otu00064,0.928971309,Hypotrachyna
Mucilaginibacter_uncl_Otu00064,0.005248425,Peltigera
Mucilaginibacter_uncl_Otu00064,0.000174948,Stereocaulon
Mucilaginibacter_uncl_Otu00064,0.022743177,Sticta
Mucilaginibacter_uncl_Otu00064,0.032890133,Usnea
Methylocystaceae_uncl_98__Otu00065,0.082015447,Cladonia
Methylocystaceae_uncl_98__Otu00065,0.140492828,Cora
Methylocystaceae_uncl_98__Otu00065,0.221404928,Hypotrachyna
Methylocystaceae_uncl_98__Otu00065,0.118242001,Peltigera
Methylocystaceae_uncl_98__Otu00065,0.04854726,Stereocaulon
Methylocystaceae_uncl_98__Otu00065,0.250091946,Sticta
Methylocystaceae_uncl_98__Otu00065,0.13920559,Usnea
Acetobacteraceae_uncl_Otu00067,0.381319469,Cladonia
Acetobacteraceae_uncl_Otu00067,0.000717103,Cora
Acetobacteraceae_uncl_Otu00067,0.057009681,Hypotrachyna
Acetobacteraceae_uncl_Otu00067,0,Peltigera
Acetobacteraceae_uncl_Otu00067,0.043564001,Stereocaulon
Acetobacteraceae_uncl_Otu00067,0.00501972,Sticta
Acetobacteraceae_uncl_Otu00067,0.512370025,Usnea
Rhizobiales_uncl_90__Otu00068,0.027082174,Cladonia
Rhizobiales_uncl_90__Otu00068,0.386755704,Cora
Rhizobiales_uncl_90__Otu00068,0.16230755,Hypotrachyna
Rhizobiales_uncl_90__Otu00068,0.046002597,Peltigera
Rhizobiales_uncl_90__Otu00068,0.084214431,Stereocaulon
Rhizobiales_uncl_90__Otu00068,0.280467446,Sticta
Rhizobiales_uncl_90__Otu00068,0.013170098,Usnea
Oxalobacteraceae_uncl_99__Otu00069,0.001813237,Cladonia
Oxalobacteraceae_uncl_99__Otu00069,0.016681777,Cora
Oxalobacteraceae_uncl_99__Otu00069,0.323481414,Hypotrachyna
Oxalobacteraceae_uncl_99__Otu00069,0.273436083,Peltigera
Oxalobacteraceae_uncl_99__Otu00069,0,Stereocaulon
Oxalobacteraceae_uncl_99__Otu00069,0.384587489,Sticta
Oxalobacteraceae_uncl_99__Otu00069,0,Usnea
Acidocella_uncl_90__Otu00070,0.013566987,Cladonia
Acidocella_uncl_90__Otu00070,0.537968721,Cora
Acidocella_uncl_90__Otu00070,0.018843037,Hypotrachyna
Acidocella_uncl_90__Otu00070,0.008479367,Peltigera
Acidocella_uncl_90__Otu00070,0.216694931,Stereocaulon
Acidocella_uncl_90__Otu00070,0.185227059,Sticta
Acidocella_uncl_90__Otu00070,0.019219898,Usnea
Zymomonas_uncl_99__Otu00071,0.013566987,Cladonia
Zymomonas_uncl_99__Otu00071,0.537968721,Cora
Zymomonas_uncl_99__Otu00071,0.018843037,Hypotrachyna
Zymomonas_uncl_99__Otu00071,0.008479367,Peltigera
Zymomonas_uncl_99__Otu00071,0.216694931,Stereocaulon
Zymomonas_uncl_99__Otu00071,0.185227059,Sticta
Zymomonas_uncl_99__Otu00071,0.019219898,Usnea
Acetobacteraceae_uncl_Otu00072,0.540591096,Cladonia
Acetobacteraceae_uncl_Otu00072,0.021324355,Cora
Acetobacteraceae_uncl_Otu00072,0.134680135,Hypotrachyna
Acetobacteraceae_uncl_Otu00072,0.000187056,Peltigera
Acetobacteraceae_uncl_Otu00072,0.079124579,Stereocaulon
Acetobacteraceae_uncl_Otu00072,0.03030303,Sticta
Acetobacteraceae_uncl_Otu00072,0.193789749,Usnea
Acidobacteriaceae_uncl_Otu00075,0.077146412,Cladonia
Acidobacteriaceae_uncl_Otu00075,0.010369141,Cora
Acidobacteriaceae_uncl_Otu00075,0.177312319,Hypotrachyna
Acidobacteriaceae_uncl_Otu00075,0.008295313,Peltigera
Acidobacteriaceae_uncl_Otu00075,0.258399005,Stereocaulon
Acidobacteriaceae_uncl_Otu00075,0.206553297,Sticta
Acidobacteriaceae_uncl_Otu00075,0.261924513,Usnea
Rhizobiales_uncl_Otu00076,0.131212724,Cladonia
Rhizobiales_uncl_Otu00076,0.103821515,Cora
Rhizobiales_uncl_Otu00076,0.336646786,Hypotrachyna
Rhizobiales_uncl_Otu00076,0.070466092,Peltigera
Rhizobiales_uncl_Otu00076,0.060525734,Stereocaulon
Rhizobiales_uncl_Otu00076,0.284515131,Sticta
Rhizobiales_uncl_Otu00076,0.012812017,Usnea
Acidocella_uncl_Otu00077,0.109892384,Cladonia
Acidocella_uncl_Otu00077,0.009933775,Cora
Acidocella_uncl_Otu00077,0.618584437,Hypotrachyna
Acidocella_uncl_Otu00077,0.000413907,Peltigera
Acidocella_uncl_Otu00077,0.180256623,Stereocaulon
Acidocella_uncl_Otu00077,0.074710265,Sticta
Acidocella_uncl_Otu00077,0.006208609,Usnea
Terriglobus_uncl_99__Otu00078,0.003721425,Cladonia
Terriglobus_uncl_99__Otu00078,0.070175439,Cora
Terriglobus_uncl_99__Otu00078,0.275385433,Hypotrachyna
Terriglobus_uncl_99__Otu00078,0.023923445,Peltigera
Terriglobus_uncl_99__Otu00078,0.006911217,Stereocaulon
Terriglobus_uncl_99__Otu00078,0.362041467,Sticta
Terriglobus_uncl_99__Otu00078,0.257841574,Usnea
Chthoniobacteraceae__uncl_52__Otu00080,0.007070397,Cladonia
Chthoniobacteraceae__uncl_52__Otu00080,0.104826314,Cora
Chthoniobacteraceae__uncl_52__Otu00080,0.17122656,Hypotrachyna
Chthoniobacteraceae__uncl_52__Otu00080,0.021826007,Peltigera
Chthoniobacteraceae__uncl_52__Otu00080,0.018137104,Stereocaulon
Chthoniobacteraceae__uncl_52__Otu00080,0.663080234,Sticta
Chthoniobacteraceae__uncl_52__Otu00080,0.013833385,Usnea
Caulobacteraceae_uncl_Otu00081,0.035703747,Cladonia
Caulobacteraceae_uncl_Otu00081,0.307170257,Cora
Caulobacteraceae_uncl_Otu00081,0.210386545,Hypotrachyna
Caulobacteraceae_uncl_Otu00081,0.091472411,Peltigera
Caulobacteraceae_uncl_Otu00081,0.040424904,Stereocaulon
Caulobacteraceae_uncl_Otu00081,0.311301269,Sticta
Caulobacteraceae_uncl_Otu00081,0.003540868,Usnea
Acidobacteriaceae_uncl_Otu00085,0.948362419,Cladonia
Acidobacteriaceae_uncl_Otu00085,0.000239063,Cora
Acidobacteriaceae_uncl_Otu00085,0.045661009,Hypotrachyna
Acidobacteriaceae_uncl_Otu00085,0,Peltigera
Acidobacteriaceae_uncl_Otu00085,0.004064069,Stereocaulon
Acidobacteriaceae_uncl_Otu00085,0.001195314,Sticta
Acidobacteriaceae_uncl_Otu00085,0.000478126,Usnea
Mucilaginibacter_uncl_52__Otu00087,0.037874803,Cladonia
Mucilaginibacter_uncl_52__Otu00087,0.03445555,Cora
Mucilaginibacter_uncl_52__Otu00087,0.258811152,Hypotrachyna
Mucilaginibacter_uncl_52__Otu00087,0.02919516,Peltigera
Mucilaginibacter_uncl_52__Otu00087,0.430825881,Stereocaulon
Mucilaginibacter_uncl_52__Otu00087,0.158337717,Sticta
Mucilaginibacter_uncl_52__Otu00087,0.050499737,Usnea
Brevundimonas_uncl_80__Otu00088,0.032314629,Cladonia
Brevundimonas_uncl_80__Otu00088,0.611723447,Cora
Brevundimonas_uncl_80__Otu00088,0.021543086,Hypotrachyna
Brevundimonas_uncl_80__Otu00088,0.037825651,Peltigera
Brevundimonas_uncl_80__Otu00088,0.110470942,Stereocaulon
Brevundimonas_uncl_80__Otu00088,0.180861723,Sticta
Brevundimonas_uncl_80__Otu00088,0.005260521,Usnea
Acidobacteriaceae_uncl_Otu00090,0.027928627,Cladonia
Acidobacteriaceae_uncl_Otu00090,0.003878976,Cora
Acidobacteriaceae_uncl_Otu00090,0.795448668,Hypotrachyna
Acidobacteriaceae_uncl_Otu00090,0.000258598,Peltigera
Acidobacteriaceae_uncl_Otu00090,0.122058443,Stereocaulon
Acidobacteriaceae_uncl_Otu00090,0.035686579,Sticta
Acidobacteriaceae_uncl_Otu00090,0.014740109,Usnea
Methylacidiphilales_uncl_Otu00092,0.015455531,Cladonia
Methylacidiphilales_uncl_Otu00092,0.445770065,Cora
Methylacidiphilales_uncl_Otu00092,0.0420282,Hypotrachyna
Methylacidiphilales_uncl_Otu00092,0.053958785,Peltigera
Methylacidiphilales_uncl_Otu00092,0.290943601,Stereocaulon
Methylacidiphilales_uncl_Otu00092,0.14208243,Sticta
Methylacidiphilales_uncl_Otu00092,0.009761388,Usnea
Comamonadaceae_uncl_97__Otu00094,0.010743322,Cladonia
Comamonadaceae_uncl_97__Otu00094,0.552555168,Cora
Comamonadaceae_uncl_97__Otu00094,0.118757259,Hypotrachyna
Comamonadaceae_uncl_97__Otu00094,0.074912892,Peltigera
Comamonadaceae_uncl_97__Otu00094,0.025842044,Stereocaulon
Comamonadaceae_uncl_97__Otu00094,0.200348432,Sticta
Comamonadaceae_uncl_97__Otu00094,0.016840883,Usnea
Mucilaginibacter_jinjuensis_99__Otu00095,0.002923977,Cladonia
Mucilaginibacter_jinjuensis_99__Otu00095,0.273684211,Cora
Mucilaginibacter_jinjuensis_99__Otu00095,0.007017544,Hypotrachyna
Mucilaginibacter_jinjuensis_99__Otu00095,0.024853801,Peltigera
Mucilaginibacter_jinjuensis_99__Otu00095,0,Stereocaulon
Mucilaginibacter_jinjuensis_99__Otu00095,0.69122807,Sticta
Mucilaginibacter_jinjuensis_99__Otu00095,0.000292398,Usnea
Acidobacteriaceae_uncl_Otu00099,0.263336566,Cladonia
Acidobacteriaceae_uncl_Otu00099,0.028128031,Cora
Acidobacteriaceae_uncl_Otu00099,0.307468477,Hypotrachyna
Acidobacteriaceae_uncl_Otu00099,0.030067895,Peltigera
Acidobacteriaceae_uncl_Otu00099,0.159553831,Stereocaulon
Acidobacteriaceae_uncl_Otu00099,0.187196896,Sticta
Acidobacteriaceae_uncl_Otu00099,0.024248303,Usnea
Ellin329_uncl_Otu00100,0.037251908,Cladonia
Ellin329_uncl_Otu00100,0.17129771,Cora
Ellin329_uncl_Otu00100,0.20519084,Hypotrachyna
Ellin329_uncl_Otu00100,0.152671756,Peltigera
Ellin329_uncl_Otu00100,0.041221374,Stereocaulon
Ellin329_uncl_Otu00100,0.382290076,Sticta
Ellin329_uncl_Otu00100,0.010076336,Usnea
Betaproteobacteria_uncl_Otu00101,0.010997067,Cladonia
Betaproteobacteria_uncl_Otu00101,0.184384164,Cora
Betaproteobacteria_uncl_Otu00101,0.081744868,Hypotrachyna
Betaproteobacteria_uncl_Otu00101,0.078812317,Peltigera
Betaproteobacteria_uncl_Otu00101,0.017595308,Stereocaulon
Betaproteobacteria_uncl_Otu00101,0.623167155,Sticta
Betaproteobacteria_uncl_Otu00101,0.00329912,Usnea
Cyanobacteria_uncl_Otu00102,0.756699147,Cladonia
Cyanobacteria_uncl_Otu00102,0,Cora
Cyanobacteria_uncl_Otu00102,0,Hypotrachyna
Cyanobacteria_uncl_Otu00102,0,Peltigera
Cyanobacteria_uncl_Otu00102,0.242387333,Stereocaulon
Cyanobacteria_uncl_Otu00102,0.000609013,Sticta
Cyanobacteria_uncl_Otu00102,0.000304507,Usnea
Acidobacteriaceae_uncl_Otu00103,0.322903226,Cladonia
Acidobacteriaceae_uncl_Otu00103,0.062580645,Cora
Acidobacteriaceae_uncl_Otu00103,0.128064516,Hypotrachyna
Acidobacteriaceae_uncl_Otu00103,0.041290323,Peltigera
Acidobacteriaceae_uncl_Otu00103,0.122258065,Stereocaulon
Acidobacteriaceae_uncl_Otu00103,0.305483871,Sticta
Acidobacteriaceae_uncl_Otu00103,0.017419355,Usnea
Acetobacteraceae_uncl_Otu00105,0.07554672,Cladonia
Acetobacteraceae_uncl_Otu00105,0.041418158,Cora
Acetobacteraceae_uncl_Otu00105,0.605036448,Hypotrachyna
Acetobacteraceae_uncl_Otu00105,0.000994036,Peltigera
Acetobacteraceae_uncl_Otu00105,0.264413519,Stereocaulon
Acetobacteraceae_uncl_Otu00105,0.008614977,Sticta
Acetobacteraceae_uncl_Otu00105,0.003976143,Usnea
Others_uncl_Otu00110,0.135827435,Cladonia
Others_uncl_Otu00110,0.062015504,Cora
Others_uncl_Otu00110,0.245028648,Hypotrachyna
Others_uncl_Otu00110,0.05594877,Peltigera
Others_uncl_Otu00110,0.146275699,Stereocaulon
Others_uncl_Otu00110,0.298955174,Sticta
Others_uncl_Otu00110,0.05594877,Usnea
Acidobacteriaceae_uncl_Otu00112,0.323370544,Cladonia
Acidobacteriaceae_uncl_Otu00112,0.010082823,Cora
Acidobacteriaceae_uncl_Otu00112,0.144760533,Hypotrachyna
Acidobacteriaceae_uncl_Otu00112,0.022686352,Peltigera
Acidobacteriaceae_uncl_Otu00112,0.07382067,Stereocaulon
Acidobacteriaceae_uncl_Otu00112,0.351098308,Sticta
Acidobacteriaceae_uncl_Otu00112,0.074180771,Usnea
Acetobacteraceae_uncl_Otu00115,0.189698948,Cladonia
Acetobacteraceae_uncl_Otu00115,0.04098658,Cora
Acetobacteraceae_uncl_Otu00115,0.430903156,Hypotrachyna
Acetobacteraceae_uncl_Otu00115,0.010881393,Peltigera
Acetobacteraceae_uncl_Otu00115,0.04098658,Stereocaulon
Acetobacteraceae_uncl_Otu00115,0.217627856,Sticta
Acetobacteraceae_uncl_Otu00115,0.068915488,Usnea
Mucilaginibacter_uncl_66__Otu00118,0.000750469,Cladonia
Mucilaginibacter_uncl_66__Otu00118,0.108442777,Cora
Mucilaginibacter_uncl_66__Otu00118,0.034146341,Hypotrachyna
Mucilaginibacter_uncl_66__Otu00118,0.426641651,Peltigera
Mucilaginibacter_uncl_66__Otu00118,0.33358349,Stereocaulon
Mucilaginibacter_uncl_66__Otu00118,0.096435272,Sticta
Mucilaginibacter_uncl_66__Otu00118,0,Usnea
Acetobacteraceae_uncl_Otu00121,0.004271845,Cladonia
Acetobacteraceae_uncl_Otu00121,0.779029126,Cora
Acetobacteraceae_uncl_Otu00121,0.01631068,Hypotrachyna
Acetobacteraceae_uncl_Otu00121,0.027572816,Peltigera
Acetobacteraceae_uncl_Otu00121,0.140582524,Stereocaulon
Acetobacteraceae_uncl_Otu00121,0.029514563,Sticta
Acetobacteraceae_uncl_Otu00121,0.002718447,Usnea
Chthoniobacterales__uncl_69__Otu00122,0.017571885,Cladonia
Chthoniobacterales__uncl_69__Otu00122,0.071485623,Cora
Chthoniobacterales__uncl_69__Otu00122,0.577076677,Hypotrachyna
Chthoniobacterales__uncl_69__Otu00122,0.009185304,Peltigera
Chthoniobacterales__uncl_69__Otu00122,0.030750799,Stereocaulon
Chthoniobacterales__uncl_69__Otu00122,0.271565495,Sticta
Chthoniobacterales__uncl_69__Otu00122,0.022364217,Usnea
Acetobacteraceae_uncl_Otu00123,0.0124533,Cladonia
Acetobacteraceae_uncl_Otu00123,0.152552927,Cora
Acetobacteraceae_uncl_Otu00123,0.217310087,Hypotrachyna
Acetobacteraceae_uncl_Otu00123,0.151930262,Peltigera
Acetobacteraceae_uncl_Otu00123,0.074719801,Stereocaulon
Acetobacteraceae_uncl_Otu00123,0.388542964,Sticta
Acetobacteraceae_uncl_Otu00123,0.00249066,Usnea
Sphingomonas_wittichii_Otu00126,0.243289305,Cladonia
Sphingomonas_wittichii_Otu00126,0.082232637,Cora
Sphingomonas_wittichii_Otu00126,0.135492118,Hypotrachyna
Sphingomonas_wittichii_Otu00126,0.021303792,Peltigera
Sphingomonas_wittichii_Otu00126,0.001704303,Stereocaulon
Sphingomonas_wittichii_Otu00126,0.507456327,Sticta
Sphingomonas_wittichii_Otu00126,0.008521517,Usnea
Kineosporia_uncl_90__Otu00127,0.000421585,Cladonia
Kineosporia_uncl_90__Otu00127,0.005480607,Cora
Kineosporia_uncl_90__Otu00127,0.80227656,Hypotrachyna
Kineosporia_uncl_90__Otu00127,0.049747049,Peltigera
Kineosporia_uncl_90__Otu00127,0.014755481,Stereocaulon
Kineosporia_uncl_90__Otu00127,0.127318718,Sticta
Kineosporia_uncl_90__Otu00127,0,Usnea
Acetobacteraceae_uncl_Otu00129,0.430227565,Cladonia
Acetobacteraceae_uncl_Otu00129,0.001288106,Cora
Acetobacteraceae_uncl_Otu00129,0.471017604,Hypotrachyna
Acetobacteraceae_uncl_Otu00129,0,Peltigera
Acetobacteraceae_uncl_Otu00129,0.031343924,Stereocaulon
Acetobacteraceae_uncl_Otu00129,0.019750966,Sticta
Acetobacteraceae_uncl_Otu00129,0.046371833,Usnea
Acidobacteriaceae_uncl_98__Otu00133,0.00150075,Cladonia
Acidobacteriaceae_uncl_98__Otu00133,0.010505253,Cora
Acidobacteriaceae_uncl_98__Otu00133,0.163581791,Hypotrachyna
Acidobacteriaceae_uncl_98__Otu00133,0.025012506,Peltigera
Acidobacteriaceae_uncl_98__Otu00133,0.0010005,Stereocaulon
Acidobacteriaceae_uncl_98__Otu00133,0.791895948,Sticta
Acidobacteriaceae_uncl_98__Otu00133,0.006503252,Usnea
Rhizobiaceae_uncl_71__Otu00135,0.001443,Cladonia
Rhizobiaceae_uncl_71__Otu00135,0.78162578,Cora
Rhizobiaceae_uncl_71__Otu00135,0.02453103,Hypotrachyna
Rhizobiaceae_uncl_71__Otu00135,0.06253006,Peltigera
Rhizobiaceae_uncl_71__Otu00135,0.000481,Stereocaulon
Rhizobiaceae_uncl_71__Otu00135,0.11736412,Sticta
Rhizobiaceae_uncl_71__Otu00135,0.01202501,Usnea
Methylibium_uncl_79__Otu00144,0.002918856,Cladonia
Methylibium_uncl_79__Otu00144,0.182136602,Cora
Methylibium_uncl_79__Otu00144,0.213660245,Hypotrachyna
Methylibium_uncl_79__Otu00144,0.140105079,Peltigera
Methylibium_uncl_79__Otu00144,0.00992411,Stereocaulon
Methylibium_uncl_79__Otu00144,0.401634559,Sticta
Methylibium_uncl_79__Otu00144,0.049620549,Usnea
Methylobacterium_organophilum_93__Otu00145,0.005606524,Cladonia
Methylobacterium_organophilum_93__Otu00145,0.769622834,Cora
Methylobacterium_organophilum_93__Otu00145,0.036697248,Hypotrachyna
Methylobacterium_organophilum_93__Otu00145,0.059123344,Peltigera
Methylobacterium_organophilum_93__Otu00145,0.002038736,Stereocaulon
Methylobacterium_organophilum_93__Otu00145,0.118246687,Sticta
Methylobacterium_organophilum_93__Otu00145,0.008664628,Usnea
Cyanobacteria_uncl_Otu00146,0.000509424,Cladonia
Cyanobacteria_uncl_Otu00146,0.00356597,Cora
Cyanobacteria_uncl_Otu00146,0.573611819,Hypotrachyna
Cyanobacteria_uncl_Otu00146,0,Peltigera
Cyanobacteria_uncl_Otu00146,0.001018849,Stereocaulon
Cyanobacteria_uncl_Otu00146,0.001018849,Sticta
Cyanobacteria_uncl_Otu00146,0.420275089,Usnea
Beijerinckiaceae_uncl_Otu00148,0,Cladonia
Beijerinckiaceae_uncl_Otu00148,0.208864602,Cora
Beijerinckiaceae_uncl_Otu00148,0.007285974,Hypotrachyna
Beijerinckiaceae_uncl_Otu00148,0.566484517,Peltigera
Beijerinckiaceae_uncl_Otu00148,0,Stereocaulon
Beijerinckiaceae_uncl_Otu00148,0.216150577,Sticta
Beijerinckiaceae_uncl_Otu00148,0.001214329,Usnea
Acidobacteriaceae_uncl_Otu00149,0.564278188,Cladonia
Acidobacteriaceae_uncl_Otu00149,0.002634352,Cora
Acidobacteriaceae_uncl_Otu00149,0.210748156,Hypotrachyna
Acidobacteriaceae_uncl_Otu00149,0.00052687,Peltigera
Acidobacteriaceae_uncl_Otu00149,0.071127503,Stereocaulon
Acidobacteriaceae_uncl_Otu00149,0.060063224,Sticta
Acidobacteriaceae_uncl_Otu00149,0.090621707,Usnea
Caulobacteraceae_uncl_52__Otu00151,0.21826872,Cladonia
Caulobacteraceae_uncl_52__Otu00151,0.000531067,Cora
Caulobacteraceae_uncl_52__Otu00151,0.19968136,Hypotrachyna
Caulobacteraceae_uncl_52__Otu00151,0,Peltigera
Caulobacteraceae_uncl_52__Otu00151,0.299522039,Stereocaulon
Caulobacteraceae_uncl_52__Otu00151,0.006903877,Sticta
Caulobacteraceae_uncl_52__Otu00151,0.275092937,Usnea
Salinibacterium_uncl_85__Otu00154,0.006152125,Cladonia
Salinibacterium_uncl_85__Otu00154,0.0598434,Cora
Salinibacterium_uncl_85__Otu00154,0.610738255,Hypotrachyna
Salinibacterium_uncl_85__Otu00154,0.204697987,Peltigera
Salinibacterium_uncl_85__Otu00154,0.007270694,Stereocaulon
Salinibacterium_uncl_85__Otu00154,0.0950783,Sticta
Salinibacterium_uncl_85__Otu00154,0.016219239,Usnea
Chthoniobacteraceae__uncl_74__Otu00155,0.014985591,Cladonia
Chthoniobacteraceae__uncl_74__Otu00155,0.160230548,Cora
Chthoniobacteraceae__uncl_74__Otu00155,0.248991354,Hypotrachyna
Chthoniobacteraceae__uncl_74__Otu00155,0.018443804,Peltigera
Chthoniobacteraceae__uncl_74__Otu00155,0.039193084,Stereocaulon
Chthoniobacteraceae__uncl_74__Otu00155,0.482420749,Sticta
Chthoniobacteraceae__uncl_74__Otu00155,0.03573487,Usnea
Acetobacteraceae_uncl_Otu00157,0.098820887,Cladonia
Acetobacteraceae_uncl_Otu00157,0.000561482,Cora
Acetobacteraceae_uncl_Otu00157,0.030881527,Hypotrachyna
Acetobacteraceae_uncl_Otu00157,0,Peltigera
Acetobacteraceae_uncl_Otu00157,0,Stereocaulon
Acetobacteraceae_uncl_Otu00157,0.000561482,Sticta
Acetobacteraceae_uncl_Otu00157,0.869174621,Usnea
Verrucomicrobia_uncl_Otu00160,0.051297526,Cladonia
Verrucomicrobia_uncl_Otu00160,0.06095353,Cora
Verrucomicrobia_uncl_Otu00160,0.430899215,Hypotrachyna
Verrucomicrobia_uncl_Otu00160,0.006035003,Peltigera
Verrucomicrobia_uncl_Otu00160,0.173204587,Stereocaulon
Verrucomicrobia_uncl_Otu00160,0.264936632,Sticta
Verrucomicrobia_uncl_Otu00160,0.012673506,Usnea
Sphingomonas_wittichii_98__Otu00161,0.024128686,Cladonia
Sphingomonas_wittichii_98__Otu00161,0.071715818,Cora
Sphingomonas_wittichii_98__Otu00161,0.129356568,Hypotrachyna
Sphingomonas_wittichii_98__Otu00161,0.123324397,Peltigera
Sphingomonas_wittichii_98__Otu00161,0.022117962,Stereocaulon
Sphingomonas_wittichii_98__Otu00161,0.621313673,Sticta
Sphingomonas_wittichii_98__Otu00161,0.008042895,Usnea
Chthoniobacterales__uncl_64__Otu00168,0.171621622,Cladonia
Chthoniobacterales__uncl_64__Otu00168,0.051351351,Cora
Chthoniobacterales__uncl_64__Otu00168,0.524324324,Hypotrachyna
Chthoniobacterales__uncl_64__Otu00168,0.006756757,Peltigera
Chthoniobacterales__uncl_64__Otu00168,0.031081081,Stereocaulon
Chthoniobacterales__uncl_64__Otu00168,0.202702703,Sticta
Chthoniobacterales__uncl_64__Otu00168,0.012162162,Usnea
Methylibium_uncl_73__Otu00169,0.001934236,Cladonia
Methylibium_uncl_73__Otu00169,0.112185687,Cora
Methylibium_uncl_73__Otu00169,0.24693746,Hypotrachyna
Methylibium_uncl_73__Otu00169,0.143778208,Peltigera
Methylibium_uncl_73__Otu00169,0.124435848,Stereocaulon
Methylibium_uncl_73__Otu00169,0.322372663,Sticta
Methylibium_uncl_73__Otu00169,0.048355899,Usnea
Frankiaceae_uncl_95__Otu00174,0.006093433,Cladonia
Frankiaceae_uncl_95__Otu00174,0.086662153,Cora
Frankiaceae_uncl_95__Otu00174,0.363574814,Hypotrachyna
Frankiaceae_uncl_95__Otu00174,0.143534191,Peltigera
Frankiaceae_uncl_95__Otu00174,0.008801625,Stereocaulon
Frankiaceae_uncl_95__Otu00174,0.374407583,Sticta
Frankiaceae_uncl_95__Otu00174,0.016926202,Usnea
Fimbriimonas_uncl_Otu00176,0,Cladonia
Fimbriimonas_uncl_Otu00176,0.439142462,Cora
Fimbriimonas_uncl_Otu00176,0.035961272,Hypotrachyna
Fimbriimonas_uncl_Otu00176,0.022130014,Peltigera
Fimbriimonas_uncl_Otu00176,0.008298755,Stereocaulon
Fimbriimonas_uncl_Otu00176,0.494467497,Sticta
Fimbriimonas_uncl_Otu00176,0,Usnea
Chthoniobacterales__uncl_74__Otu00180,0.008258775,Cladonia
Chthoniobacterales__uncl_74__Otu00180,0.050240881,Cora
Chthoniobacterales__uncl_74__Otu00180,0.161734343,Hypotrachyna
Chthoniobacterales__uncl_74__Otu00180,0.025464556,Peltigera
Chthoniobacterales__uncl_74__Otu00180,0.000688231,Stereocaulon
Chthoniobacterales__uncl_74__Otu00180,0.710254646,Sticta
Chthoniobacterales__uncl_74__Otu00180,0.043358568,Usnea
Candidatus_Solibacter_uncl_Otu00185,0.004175365,Cladonia
Candidatus_Solibacter_uncl_Otu00185,0.002783577,Cora
Candidatus_Solibacter_uncl_Otu00185,0.730688935,Hypotrachyna
Candidatus_Solibacter_uncl_Otu00185,0.019485038,Peltigera
Candidatus_Solibacter_uncl_Otu00185,0.100208768,Stereocaulon
Candidatus_Solibacter_uncl_Otu00185,0.138482951,Sticta
Candidatus_Solibacter_uncl_Otu00185,0.004175365,Usnea
Beijerinckia_uncl_83__Otu00186,0.007012623,Cladonia
Beijerinckia_uncl_83__Otu00186,0.033660589,Cora
Beijerinckia_uncl_83__Otu00186,0.051192146,Hypotrachyna
Beijerinckia_uncl_83__Otu00186,0.028751753,Peltigera
Beijerinckia_uncl_83__Otu00186,0.005610098,Stereocaulon
Beijerinckia_uncl_83__Otu00186,0.873071529,Sticta
Beijerinckia_uncl_83__Otu00186,0.000701262,Usnea
Bosea_genosp__Otu00191,0.003937008,Cladonia
Bosea_genosp__Otu00191,0.52519685,Cora
Bosea_genosp__Otu00191,0.038582677,Hypotrachyna
Bosea_genosp__Otu00191,0.126771654,Peltigera
Bosea_genosp__Otu00191,0.000787402,Stereocaulon
Bosea_genosp__Otu00191,0.282677165,Sticta
Bosea_genosp__Otu00191,0.022047244,Usnea
Mycobacterium_uncl_Otu00192,0.005388761,Cladonia
Mycobacterium_uncl_Otu00192,0.084680523,Cora
Mycobacterium_uncl_Otu00192,0.429561201,Hypotrachyna
Mycobacterium_uncl_Otu00192,0.229407236,Peltigera
Mycobacterium_uncl_Otu00192,0.003849115,Stereocaulon
Mycobacterium_uncl_Otu00192,0.224018476,Sticta
Mycobacterium_uncl_Otu00192,0.023094688,Usnea
Chthoniobacteraceae__uncl_83__Otu00198,0.044425817,Cladonia
Chthoniobacteraceae__uncl_83__Otu00198,0.186085499,Cora
Chthoniobacteraceae__uncl_83__Otu00198,0.185247276,Hypotrachyna
Chthoniobacteraceae__uncl_83__Otu00198,0.043587594,Peltigera
Chthoniobacteraceae__uncl_83__Otu00198,0.024308466,Stereocaulon
Chthoniobacteraceae__uncl_83__Otu00198,0.507963118,Sticta
Chthoniobacteraceae__uncl_83__Otu00198,0.00838223,Usnea
Yonghaparkia_uncl_53__Otu00202,0.005912162,Cladonia
Yonghaparkia_uncl_53__Otu00202,0.091216216,Cora
Yonghaparkia_uncl_53__Otu00202,0.386824324,Hypotrachyna
Yonghaparkia_uncl_53__Otu00202,0.237331081,Peltigera
Yonghaparkia_uncl_53__Otu00202,0.005067568,Stereocaulon
Yonghaparkia_uncl_53__Otu00202,0.265202703,Sticta
Yonghaparkia_uncl_53__Otu00202,0.008445946,Usnea
Variovorax_78__paradoxus_78__Otu00205,0.007738607,Cladonia
Variovorax_78__paradoxus_78__Otu00205,0.047291488,Cora
Variovorax_78__paradoxus_78__Otu00205,0.355975924,Hypotrachyna
Variovorax_78__paradoxus_78__Otu00205,0.222699914,Peltigera
Variovorax_78__paradoxus_78__Otu00205,0.214101462,Stereocaulon
Variovorax_78__paradoxus_78__Otu00205,0.117798796,Sticta
Variovorax_78__paradoxus_78__Otu00205,0.034393809,Usnea
Verrucomicrobia_uncl_Otu00210,0.068762279,Cladonia
Verrucomicrobia_uncl_Otu00210,0.127701375,Cora
Verrucomicrobia_uncl_Otu00210,0.441060904,Hypotrachyna
Verrucomicrobia_uncl_Otu00210,0.026522593,Peltigera
Verrucomicrobia_uncl_Otu00210,0.065815324,Stereocaulon
Verrucomicrobia_uncl_Otu00210,0.263261297,Sticta
Verrucomicrobia_uncl_Otu00210,0.006876228,Usnea
Conexibacter_uncl_77__Otu00213,0.25998143,Cladonia
Conexibacter_uncl_77__Otu00213,0.020427112,Cora
Conexibacter_uncl_77__Otu00213,0.56731662,Hypotrachyna
Conexibacter_uncl_77__Otu00213,0.002785515,Peltigera
Conexibacter_uncl_77__Otu00213,0.018570102,Stereocaulon
Conexibacter_uncl_77__Otu00213,0.057567317,Sticta
Conexibacter_uncl_77__Otu00213,0.073351903,Usnea
Verrucomicrobia_uncl_Otu00214,0.095014111,Cladonia
Verrucomicrobia_uncl_Otu00214,0.021636877,Cora
Verrucomicrobia_uncl_Otu00214,0.460018815,Hypotrachyna
Verrucomicrobia_uncl_Otu00214,0.000940734,Peltigera
Verrucomicrobia_uncl_Otu00214,0.060206961,Stereocaulon
Verrucomicrobia_uncl_Otu00214,0.341486359,Sticta
Verrucomicrobia_uncl_Otu00214,0.020696143,Usnea
Nakamurellaceae_uncl_Otu00217,0.001996008,Cladonia
Nakamurellaceae_uncl_Otu00217,0.055888224,Cora
Nakamurellaceae_uncl_Otu00217,0.517964072,Hypotrachyna
Nakamurellaceae_uncl_Otu00217,0.24750499,Peltigera
Nakamurellaceae_uncl_Otu00217,0.017964072,Stereocaulon
Nakamurellaceae_uncl_Otu00217,0.153692615,Sticta
Nakamurellaceae_uncl_Otu00217,0.00499002,Usnea
Methylibium_uncl_79__Otu00218,0.01,Cladonia
Methylibium_uncl_79__Otu00218,0.315,Cora
Methylibium_uncl_79__Otu00218,0.09,Hypotrachyna
Methylibium_uncl_79__Otu00218,0.094,Peltigera
Methylibium_uncl_79__Otu00218,0.008,Stereocaulon
Methylibium_uncl_79__Otu00218,0.478,Sticta
Methylibium_uncl_79__Otu00218,0.005,Usnea
Mucilaginibacter_uncl_72__Otu00219,0.011450382,Cladonia
Mucilaginibacter_uncl_72__Otu00219,0.026717557,Cora
Mucilaginibacter_uncl_72__Otu00219,0.019083969,Hypotrachyna
Mucilaginibacter_uncl_72__Otu00219,0.213740458,Peltigera
Mucilaginibacter_uncl_72__Otu00219,0.001908397,Stereocaulon
Mucilaginibacter_uncl_72__Otu00219,0.727099237,Sticta
Mucilaginibacter_uncl_72__Otu00219,0,Usnea
Chthoniobacteraceae__uncl_55__Otu00224,0.012948207,Cladonia
Chthoniobacteraceae__uncl_55__Otu00224,0.12749004,Cora
Chthoniobacteraceae__uncl_55__Otu00224,0.164342629,Hypotrachyna
Chthoniobacteraceae__uncl_55__Otu00224,0.011952191,Peltigera
Chthoniobacteraceae__uncl_55__Otu00224,0.173306773,Stereocaulon
Chthoniobacteraceae__uncl_55__Otu00224,0.509960159,Sticta
Chthoniobacteraceae__uncl_55__Otu00224,0,Usnea
Acidobacteriaceae_uncl_99__Otu00226,0.088978766,Cladonia
Acidobacteriaceae_uncl_99__Otu00226,0.033367037,Cora
Acidobacteriaceae_uncl_99__Otu00226,0.68554095,Hypotrachyna
Acidobacteriaceae_uncl_99__Otu00226,0.020222447,Peltigera
Acidobacteriaceae_uncl_99__Otu00226,0.009100101,Stereocaulon
Acidobacteriaceae_uncl_99__Otu00226,0.156723964,Sticta
Acidobacteriaceae_uncl_99__Otu00226,0.006066734,Usnea
Chthoniobacterales__uncl_87__Otu00229,0.002063983,Cladonia
Chthoniobacterales__uncl_87__Otu00229,0.020639835,Cora
Chthoniobacterales__uncl_87__Otu00229,0.016511868,Hypotrachyna
Chthoniobacterales__uncl_87__Otu00229,0.037151703,Peltigera
Chthoniobacterales__uncl_87__Otu00229,0.001031992,Stereocaulon
Chthoniobacterales__uncl_87__Otu00229,0.918472652,Sticta
Chthoniobacterales__uncl_87__Otu00229,0.004127967,Usnea
Acetobacteraceae_uncl_Otu00230,0.001004016,Cladonia
Acetobacteraceae_uncl_Otu00230,0.432730924,Cora
Acetobacteraceae_uncl_Otu00230,0.006024096,Hypotrachyna
Acetobacteraceae_uncl_Otu00230,0,Peltigera
Acetobacteraceae_uncl_Otu00230,0.558232932,Stereocaulon
Acetobacteraceae_uncl_Otu00230,0.002008032,Sticta
Acetobacteraceae_uncl_Otu00230,0,Usnea
Beijerinckiaceae_uncl_57__Otu00233,0.005263158,Cladonia
Beijerinckiaceae_uncl_57__Otu00233,0.127368421,Cora
Beijerinckiaceae_uncl_57__Otu00233,0.144210526,Hypotrachyna
Beijerinckiaceae_uncl_57__Otu00233,0.009473684,Peltigera
Beijerinckiaceae_uncl_57__Otu00233,0.049473684,Stereocaulon
Beijerinckiaceae_uncl_57__Otu00233,0.661052632,Sticta
Beijerinckiaceae_uncl_57__Otu00233,0.003157895,Usnea
Chitinophagaceae_uncl_Otu00235,0,Cladonia
Chitinophagaceae_uncl_Otu00235,0.171428571,Cora
Chitinophagaceae_uncl_Otu00235,0.214814815,Hypotrachyna
Chitinophagaceae_uncl_Otu00235,0.06031746,Peltigera
Chitinophagaceae_uncl_Otu00235,0,Stereocaulon
Chitinophagaceae_uncl_Otu00235,0.524867725,Sticta
Chitinophagaceae_uncl_Otu00235,0.028571429,Usnea
Beijerinckiaceae_uncl_70__Otu00248,0.001459854,Cladonia
Beijerinckiaceae_uncl_70__Otu00248,0.23649635,Cora
Beijerinckiaceae_uncl_70__Otu00248,0.329927007,Hypotrachyna
Beijerinckiaceae_uncl_70__Otu00248,0.118248175,Peltigera
Beijerinckiaceae_uncl_70__Otu00248,0.054014599,Stereocaulon
Beijerinckiaceae_uncl_70__Otu00248,0.258394161,Sticta
Beijerinckiaceae_uncl_70__Otu00248,0.001459854,Usnea
Rhodospirillaceae_uncl_Otu00249,0.010791367,Cladonia
Rhodospirillaceae_uncl_Otu00249,0.059952038,Cora
Rhodospirillaceae_uncl_Otu00249,0.405275779,Hypotrachyna
Rhodospirillaceae_uncl_Otu00249,0.009592326,Peltigera
Rhodospirillaceae_uncl_Otu00249,0.033573141,Stereocaulon
Rhodospirillaceae_uncl_Otu00249,0.291366906,Sticta
Rhodospirillaceae_uncl_Otu00249,0.189448441,Usnea
Acidobacteriaceae_uncl_95__Otu00258,0.023746702,Cladonia
Acidobacteriaceae_uncl_95__Otu00258,0.01055409,Cora
Acidobacteriaceae_uncl_95__Otu00258,0.571240106,Hypotrachyna
Acidobacteriaceae_uncl_95__Otu00258,0.001319261,Peltigera
Acidobacteriaceae_uncl_95__Otu00258,0.084432718,Stereocaulon
Acidobacteriaceae_uncl_95__Otu00258,0.07651715,Sticta
Acidobacteriaceae_uncl_95__Otu00258,0.232189974,Usnea
Sphingomonas_wittichii_Otu00265,0.028231798,Cladonia
Sphingomonas_wittichii_Otu00265,0.02526003,Cora
Sphingomonas_wittichii_Otu00265,0.010401189,Hypotrachyna
Sphingomonas_wittichii_Otu00265,0.176820208,Peltigera
Sphingomonas_wittichii_Otu00265,0,Stereocaulon
Sphingomonas_wittichii_Otu00265,0.759286776,Sticta
Sphingomonas_wittichii_Otu00265,0,Usnea
Solirubrobacterales_uncl_Otu00267,0.01193634,Cladonia
Solirubrobacterales_uncl_Otu00267,0.023872679,Cora
Solirubrobacterales_uncl_Otu00267,0.559681698,Hypotrachyna
Solirubrobacterales_uncl_Otu00267,0.24668435,Peltigera
Solirubrobacterales_uncl_Otu00267,0.01061008,Stereocaulon
Solirubrobacterales_uncl_Otu00267,0.139257294,Sticta
Solirubrobacterales_uncl_Otu00267,0.00795756,Usnea
Devosia_uncl_Otu00270,0.005319149,Cladonia
Devosia_uncl_Otu00270,0.142287234,Cora
Devosia_uncl_Otu00270,0.140957447,Hypotrachyna
Devosia_uncl_Otu00270,0.630319149,Peltigera
Devosia_uncl_Otu00270,0.017287234,Stereocaulon
Devosia_uncl_Otu00270,0.057180851,Sticta
Devosia_uncl_Otu00270,0.006648936,Usnea
Phenylobacterium_uncl_99__Otu00272,0,Cladonia
Phenylobacterium_uncl_99__Otu00272,0.173333333,Cora
Phenylobacterium_uncl_99__Otu00272,0.006666667,Hypotrachyna
Phenylobacterium_uncl_99__Otu00272,0.033333333,Peltigera
Phenylobacterium_uncl_99__Otu00272,0.774666667,Stereocaulon
Phenylobacterium_uncl_99__Otu00272,0.010666667,Sticta
Phenylobacterium_uncl_99__Otu00272,0.001333333,Usnea
Verrucomicrobia_uncl_Otu00275,0.032904149,Cladonia
Verrucomicrobia_uncl_Otu00275,0.13304721,Cora
Verrucomicrobia_uncl_Otu00275,0.101573677,Hypotrachyna
Verrucomicrobia_uncl_Otu00275,0.008583691,Peltigera
Verrucomicrobia_uncl_Otu00275,0.040057225,Stereocaulon
Verrucomicrobia_uncl_Otu00275,0.662374821,Sticta
Verrucomicrobia_uncl_Otu00275,0.021459227,Usnea
Ellin506_uncl_Otu00276,0,Cladonia
Ellin506_uncl_Otu00276,0.032857143,Cora
Ellin506_uncl_Otu00276,0.087142857,Hypotrachyna
Ellin506_uncl_Otu00276,0.065714286,Peltigera
Ellin506_uncl_Otu00276,0,Stereocaulon
Ellin506_uncl_Otu00276,0.812857143,Sticta
Ellin506_uncl_Otu00276,0.001428571,Usnea
Beijerinckiaceae_uncl_86__Otu00290,0.007680492,Cladonia
Beijerinckiaceae_uncl_86__Otu00290,0.393241167,Cora
Beijerinckiaceae_uncl_86__Otu00290,0.032258065,Hypotrachyna
Beijerinckiaceae_uncl_86__Otu00290,0.021505376,Peltigera
Beijerinckiaceae_uncl_86__Otu00290,0.003072197,Stereocaulon
Beijerinckiaceae_uncl_86__Otu00290,0.534562212,Sticta
Beijerinckiaceae_uncl_86__Otu00290,0.007680492,Usnea
Chthoniobacteraceae__uncl_81__Otu00291,0.007680492,Cladonia
Chthoniobacteraceae__uncl_81__Otu00291,0.168970814,Cora
Chthoniobacteraceae__uncl_81__Otu00291,0.244239631,Hypotrachyna
Chthoniobacteraceae__uncl_81__Otu00291,0.019969278,Peltigera
Chthoniobacteraceae__uncl_81__Otu00291,0.149001536,Stereocaulon
Chthoniobacteraceae__uncl_81__Otu00291,0.319508449,Sticta
Chthoniobacteraceae__uncl_81__Otu00291,0.0906298,Usnea
Actinomycetales_uncl_97__Otu00304,0,Cladonia
Actinomycetales_uncl_97__Otu00304,0.03046595,Cora
Actinomycetales_uncl_97__Otu00304,0.528673835,Hypotrachyna
Actinomycetales_uncl_97__Otu00304,0.089605735,Peltigera
Actinomycetales_uncl_97__Otu00304,0.014336918,Stereocaulon
Actinomycetales_uncl_97__Otu00304,0.331541219,Sticta
Actinomycetales_uncl_97__Otu00304,0.005376344,Usnea
Proteobacteria_uncl_Otu00305,0,Cladonia
Proteobacteria_uncl_Otu00305,0.347611203,Cora
Proteobacteria_uncl_Otu00305,0.220757825,Hypotrachyna
Proteobacteria_uncl_Otu00305,0.026359143,Peltigera
Proteobacteria_uncl_Otu00305,0.019769357,Stereocaulon
Proteobacteria_uncl_Otu00305,0.369028007,Sticta
Proteobacteria_uncl_Otu00305,0.016474465,Usnea
Micromonosporaceae_uncl_Otu00309,0.001644737,Cladonia
Micromonosporaceae_uncl_Otu00309,0.009868421,Cora
Micromonosporaceae_uncl_Otu00309,0.799342105,Hypotrachyna
Micromonosporaceae_uncl_Otu00309,0.064144737,Peltigera
Micromonosporaceae_uncl_Otu00309,0,Stereocaulon
Micromonosporaceae_uncl_Otu00309,0.125,Sticta
Micromonosporaceae_uncl_Otu00309,0,Usnea
Mucilaginibacter_uncl_88__Otu00312,0.010204082,Cladonia
Mucilaginibacter_uncl_88__Otu00312,0.787414966,Cora
Mucilaginibacter_uncl_88__Otu00312,0.040816327,Hypotrachyna
Mucilaginibacter_uncl_88__Otu00312,0.034013605,Peltigera
Mucilaginibacter_uncl_88__Otu00312,0.015306122,Stereocaulon
Mucilaginibacter_uncl_88__Otu00312,0.112244898,Sticta
Mucilaginibacter_uncl_88__Otu00312,0,Usnea
Solibacterales_uncl_99__Otu00314,0.04745167,Cladonia
Solibacterales_uncl_99__Otu00314,0.031634446,Cora
Solibacterales_uncl_99__Otu00314,0.367311072,Hypotrachyna
Solibacterales_uncl_99__Otu00314,0.184534271,Peltigera
Solibacterales_uncl_99__Otu00314,0.124780316,Stereocaulon
Solibacterales_uncl_99__Otu00314,0.240773286,Sticta
Solibacterales_uncl_99__Otu00314,0.003514938,Usnea
Chitinophagaceae_uncl_Otu00317,0,Cladonia
Chitinophagaceae_uncl_Otu00317,0,Cora
Chitinophagaceae_uncl_Otu00317,0.026642984,Hypotrachyna
Chitinophagaceae_uncl_Otu00317,0.113676732,Peltigera
Chitinophagaceae_uncl_Otu00317,0.001776199,Stereocaulon
Chitinophagaceae_uncl_Otu00317,0.857904085,Sticta
Chitinophagaceae_uncl_Otu00317,0,Usnea
Verrucomicrobia_uncl_Otu00318,0,Cladonia
Verrucomicrobia_uncl_Otu00318,0.134907251,Cora
Verrucomicrobia_uncl_Otu00318,0.102866779,Hypotrachyna
Verrucomicrobia_uncl_Otu00318,0.005059022,Peltigera
Verrucomicrobia_uncl_Otu00318,0.001686341,Stereocaulon
Verrucomicrobia_uncl_Otu00318,0.73693086,Sticta
Verrucomicrobia_uncl_Otu00318,0.018549747,Usnea
Acetobacteraceae_uncl_Otu00319,0.072289157,Cladonia
Acetobacteraceae_uncl_Otu00319,0.117039587,Cora
Acetobacteraceae_uncl_Otu00319,0.388984509,Hypotrachyna
Acetobacteraceae_uncl_Otu00319,0.072289157,Peltigera
Acetobacteraceae_uncl_Otu00319,0.096385542,Stereocaulon
Acetobacteraceae_uncl_Otu00319,0.230636833,Sticta
Acetobacteraceae_uncl_Otu00319,0.022375215,Usnea
Verrucomicrobia_uncl_Otu00324,0.003466205,Cladonia
Verrucomicrobia_uncl_Otu00324,0.003466205,Cora
Verrucomicrobia_uncl_Otu00324,0.918544194,Hypotrachyna
Verrucomicrobia_uncl_Otu00324,0.001733102,Peltigera
Verrucomicrobia_uncl_Otu00324,0.005199307,Stereocaulon
Verrucomicrobia_uncl_Otu00324,0.067590988,Sticta
Verrucomicrobia_uncl_Otu00324,0,Usnea
Caulobacteraceae_uncl_95__Otu00326,0.017612524,Cladonia
Caulobacteraceae_uncl_95__Otu00326,0.653620352,Cora
Caulobacteraceae_uncl_95__Otu00326,0.062622309,Hypotrachyna
Caulobacteraceae_uncl_95__Otu00326,0.017612524,Peltigera
Caulobacteraceae_uncl_95__Otu00326,0.043052838,Stereocaulon
Caulobacteraceae_uncl_95__Otu00326,0.197651663,Sticta
Caulobacteraceae_uncl_95__Otu00326,0.007827789,Usnea
Methylibium_uncl_98__Otu00344,0,Cladonia
Methylibium_uncl_98__Otu00344,0.069230769,Cora
Methylibium_uncl_98__Otu00344,0.25,Hypotrachyna
Methylibium_uncl_98__Otu00344,0.082692308,Peltigera
Methylibium_uncl_98__Otu00344,0.005769231,Stereocaulon
Methylibium_uncl_98__Otu00344,0.576923077,Sticta
Methylibium_uncl_98__Otu00344,0.015384615,Usnea
Actinomycetales_uncl_97__Otu00348,0.013307985,Cladonia
Actinomycetales_uncl_97__Otu00348,0.022813688,Cora
Actinomycetales_uncl_97__Otu00348,0.629277567,Hypotrachyna
Actinomycetales_uncl_97__Otu00348,0.047528517,Peltigera
Actinomycetales_uncl_97__Otu00348,0.039923954,Stereocaulon
Actinomycetales_uncl_97__Otu00348,0.230038023,Sticta
Actinomycetales_uncl_97__Otu00348,0.017110266,Usnea
Chthoniobacterales__uncl_93__Otu00358,0.013245033,Cladonia
Chthoniobacterales__uncl_93__Otu00358,0.12803532,Cora
Chthoniobacterales__uncl_93__Otu00358,0.302428256,Hypotrachyna
Chthoniobacterales__uncl_93__Otu00358,0.059602649,Peltigera
Chthoniobacterales__uncl_93__Otu00358,0,Stereocaulon
Chthoniobacterales__uncl_93__Otu00358,0.479028698,Sticta
Chthoniobacterales__uncl_93__Otu00358,0.017660044,Usnea
Solirubrobacterales_uncl_Otu00363,0.020283976,Cladonia
Solirubrobacterales_uncl_Otu00363,0.028397566,Cora
Solirubrobacterales_uncl_Otu00363,0.665314402,Hypotrachyna
Solirubrobacterales_uncl_Otu00363,0.070993915,Peltigera
Solirubrobacterales_uncl_Otu00363,0.010141988,Stereocaulon
Solirubrobacterales_uncl_Otu00363,0.192697769,Sticta
Solirubrobacterales_uncl_Otu00363,0.012170385,Usnea
Acetobacteraceae_uncl_Otu00373,0.008948546,Cladonia
Acetobacteraceae_uncl_Otu00373,0.049217002,Cora
Acetobacteraceae_uncl_Otu00373,0.420581655,Hypotrachyna
Acetobacteraceae_uncl_Otu00373,0.011185682,Peltigera
Acetobacteraceae_uncl_Otu00373,0.185682327,Stereocaulon
Acetobacteraceae_uncl_Otu00373,0.308724832,Sticta
Acetobacteraceae_uncl_Otu00373,0.015659955,Usnea
Verrucomicrobia_uncl_Otu00378,0.014705882,Cladonia
Verrucomicrobia_uncl_Otu00378,0.029411765,Cora
Verrucomicrobia_uncl_Otu00378,0.401960784,Hypotrachyna
Verrucomicrobia_uncl_Otu00378,0.024509804,Peltigera
Verrucomicrobia_uncl_Otu00378,0.009803922,Stereocaulon
Verrucomicrobia_uncl_Otu00378,0.519607843,Sticta
Verrucomicrobia_uncl_Otu00378,0,Usnea
Chitinophagaceae_uncl_Otu00381,0.004291845,Cladonia
Chitinophagaceae_uncl_Otu00381,0.118025751,Cora
Chitinophagaceae_uncl_Otu00381,0.330472103,Hypotrachyna
Chitinophagaceae_uncl_Otu00381,0.030042918,Peltigera
Chitinophagaceae_uncl_Otu00381,0.008583691,Stereocaulon
Chitinophagaceae_uncl_Otu00381,0.504291845,Sticta
Chitinophagaceae_uncl_Otu00381,0.004291845,Usnea
Sphingomonas_echinoides_95__Otu00383,0,Cladonia
Sphingomonas_echinoides_95__Otu00383,0.502392344,Cora
Sphingomonas_echinoides_95__Otu00383,0.0215311,Hypotrachyna
Sphingomonas_echinoides_95__Otu00383,0.110047847,Peltigera
Sphingomonas_echinoides_95__Otu00383,0,Stereocaulon
Sphingomonas_echinoides_95__Otu00383,0.33492823,Sticta
Sphingomonas_echinoides_95__Otu00383,0.031100478,Usnea
Rhizobiales_uncl_89__Otu00390,0.014814815,Cladonia
Rhizobiales_uncl_89__Otu00390,0.274074074,Cora
Rhizobiales_uncl_89__Otu00390,0.202469136,Hypotrachyna
Rhizobiales_uncl_89__Otu00390,0.014814815,Peltigera
Rhizobiales_uncl_89__Otu00390,0.101234568,Stereocaulon
Rhizobiales_uncl_89__Otu00390,0.35308642,Sticta
Rhizobiales_uncl_89__Otu00390,0.039506173,Usnea
Rhodospirillaceae_uncl_89__Otu00396,0.079470199,Cladonia
Rhodospirillaceae_uncl_89__Otu00396,0.324503311,Cora
Rhodospirillaceae_uncl_89__Otu00396,0.465783664,Hypotrachyna
Rhodospirillaceae_uncl_89__Otu00396,0,Peltigera
Rhodospirillaceae_uncl_89__Otu00396,0.070640177,Stereocaulon
Rhodospirillaceae_uncl_89__Otu00396,0.052980132,Sticta
Rhodospirillaceae_uncl_89__Otu00396,0.006622517,Usnea
Sphingobacteriaceae_uncl_Otu00399,0,Cladonia
Sphingobacteriaceae_uncl_Otu00399,0.159550562,Cora
Sphingobacteriaceae_uncl_Otu00399,0.002247191,Hypotrachyna
Sphingobacteriaceae_uncl_Otu00399,0.833707865,Peltigera
Sphingobacteriaceae_uncl_Otu00399,0,Stereocaulon
Sphingobacteriaceae_uncl_Otu00399,0.004494382,Sticta
Sphingobacteriaceae_uncl_Otu00399,0,Usnea
Actinomycetales_uncl_54__Otu00429,0,Cladonia
Actinomycetales_uncl_54__Otu00429,0.025510204,Cora
Actinomycetales_uncl_54__Otu00429,0.56377551,Hypotrachyna
Actinomycetales_uncl_54__Otu00429,0.086734694,Peltigera
Actinomycetales_uncl_54__Otu00429,0.079081633,Stereocaulon
Actinomycetales_uncl_54__Otu00429,0.232142857,Sticta
Actinomycetales_uncl_54__Otu00429,0.012755102,Usnea
Bacteria_uncl_Otu00434,0.091145833,Cladonia
Bacteria_uncl_Otu00434,0.002604167,Cora
Bacteria_uncl_Otu00434,0.067708333,Hypotrachyna
Bacteria_uncl_Otu00434,0.002604167,Peltigera
Bacteria_uncl_Otu00434,0.005208333,Stereocaulon
Bacteria_uncl_Otu00434,0.005208333,Sticta
Bacteria_uncl_Otu00434,0.825520833,Usnea
Actinomycetales_uncl_98__Otu00443,0.013513514,Cladonia
Actinomycetales_uncl_98__Otu00443,0.016216216,Cora
Actinomycetales_uncl_98__Otu00443,0.418918919,Hypotrachyna
Actinomycetales_uncl_98__Otu00443,0.094594595,Peltigera
Actinomycetales_uncl_98__Otu00443,0,Stereocaulon
Actinomycetales_uncl_98__Otu00443,0.375675676,Sticta
Actinomycetales_uncl_98__Otu00443,0.081081081,Usnea
Verrucomicrobia_uncl_Otu00455,0.01986755,Cladonia
Verrucomicrobia_uncl_Otu00455,0.122516556,Cora
Verrucomicrobia_uncl_Otu00455,0.324503311,Hypotrachyna
Verrucomicrobia_uncl_Otu00455,0.033112583,Peltigera
Verrucomicrobia_uncl_Otu00455,0.016556291,Stereocaulon
Verrucomicrobia_uncl_Otu00455,0.460264901,Sticta
Verrucomicrobia_uncl_Otu00455,0.023178808,Usnea
Bacillus_uncl_58__Otu00460,0.194444444,Cladonia
Bacillus_uncl_58__Otu00460,0.095679012,Cora
Bacillus_uncl_58__Otu00460,0.055555556,Hypotrachyna
Bacillus_uncl_58__Otu00460,0.009259259,Peltigera
Bacillus_uncl_58__Otu00460,0.055555556,Stereocaulon
Bacillus_uncl_58__Otu00460,0.061728395,Sticta
Bacillus_uncl_58__Otu00460,0.527777778,Usnea
Comamonadaceae_uncl_99__Otu00468,0.008849558,Cladonia
Comamonadaceae_uncl_99__Otu00468,0.064896755,Cora
Comamonadaceae_uncl_99__Otu00468,0.342182891,Hypotrachyna
Comamonadaceae_uncl_99__Otu00468,0.09439528,Peltigera
Comamonadaceae_uncl_99__Otu00468,0.008849558,Stereocaulon
Comamonadaceae_uncl_99__Otu00468,0.477876106,Sticta
Comamonadaceae_uncl_99__Otu00468,0.002949853,Usnea
Chitinophagaceae_uncl_Otu00475,0.006006006,Cladonia
Chitinophagaceae_uncl_Otu00475,0.15015015,Cora
Chitinophagaceae_uncl_Otu00475,0.222222222,Hypotrachyna
Chitinophagaceae_uncl_Otu00475,0.171171171,Peltigera
Chitinophagaceae_uncl_Otu00475,0,Stereocaulon
Chitinophagaceae_uncl_Otu00475,0.45045045,Sticta
Chitinophagaceae_uncl_Otu00475,0,Usnea
Halomonas_uncl_Otu00478,0.577507599,Cladonia
Halomonas_uncl_Otu00478,0,Cora
Halomonas_uncl_Otu00478,0.003039514,Hypotrachyna
Halomonas_uncl_Otu00478,0.003039514,Peltigera
Halomonas_uncl_Otu00478,0.009118541,Stereocaulon
Halomonas_uncl_Otu00478,0.294832827,Sticta
Halomonas_uncl_Otu00478,0.112462006,Usnea
Cyanobacteria_uncl_Otu00518,0.75609756,Cladonia
Cyanobacteria_uncl_Otu00518,0,Cora
Cyanobacteria_uncl_Otu00518,0,Hypotrachyna
Cyanobacteria_uncl_Otu00518,0,Peltigera
Cyanobacteria_uncl_Otu00518,0.24041812,Stereocaulon
Cyanobacteria_uncl_Otu00518,0,Sticta
Cyanobacteria_uncl_Otu00518,0.00348432,Usnea
Mucilaginibacter_uncl_55__Otu00530,0,Cladonia
Mucilaginibacter_uncl_55__Otu00530,0.015037594,Cora
Mucilaginibacter_uncl_55__Otu00530,0.601503759,Hypotrachyna
Mucilaginibacter_uncl_55__Otu00530,0.003759398,Peltigera
Mucilaginibacter_uncl_55__Otu00530,0.003759398,Stereocaulon
Mucilaginibacter_uncl_55__Otu00530,0.37593985,Sticta
Mucilaginibacter_uncl_55__Otu00530,0,Usnea
Chthoniobacterales__uncl_96__Otu00539,0.126530612,Cladonia
Chthoniobacterales__uncl_96__Otu00539,0.32244898,Cora
Chthoniobacterales__uncl_96__Otu00539,0.053061224,Hypotrachyna
Chthoniobacterales__uncl_96__Otu00539,0.020408163,Peltigera
Chthoniobacterales__uncl_96__Otu00539,0.024489796,Stereocaulon
Chthoniobacterales__uncl_96__Otu00539,0.453061224,Sticta
Chthoniobacterales__uncl_96__Otu00539,0,Usnea
Acetobacteraceae_uncl_Otu00550,0.012195122,Cladonia
Acetobacteraceae_uncl_Otu00550,0.040650407,Cora
Acetobacteraceae_uncl_Otu00550,0.475609756,Hypotrachyna
Acetobacteraceae_uncl_Otu00550,0.211382114,Peltigera
Acetobacteraceae_uncl_Otu00550,0.008130081,Stereocaulon
Acetobacteraceae_uncl_Otu00550,0.227642276,Sticta
Acetobacteraceae_uncl_Otu00550,0.024390244,Usnea
Ellin506_uncl_Otu00580,0,Cladonia
Ellin506_uncl_Otu00580,0.070588235,Cora
Ellin506_uncl_Otu00580,0.217647059,Hypotrachyna
Ellin506_uncl_Otu00580,0.070588235,Peltigera
Ellin506_uncl_Otu00580,0,Stereocaulon
Ellin506_uncl_Otu00580,0.629411765,Sticta
Ellin506_uncl_Otu00580,0.011764706,Usnea
Conexibacteraceae_uncl_99__Otu00584,0.074074074,Cladonia
Conexibacteraceae_uncl_99__Otu00584,0,Cora
Conexibacteraceae_uncl_99__Otu00584,0.333333333,Hypotrachyna
Conexibacteraceae_uncl_99__Otu00584,0.212962963,Peltigera
Conexibacteraceae_uncl_99__Otu00584,0.00462963,Stereocaulon
Conexibacteraceae_uncl_99__Otu00584,0.37037037,Sticta
Conexibacteraceae_uncl_99__Otu00584,0.00462963,Usnea
Bdellovibrio_uncl_Otu00590,0.005,Cladonia
Bdellovibrio_uncl_Otu00590,0.21,Cora
Bdellovibrio_uncl_Otu00590,0.235,Hypotrachyna
Bdellovibrio_uncl_Otu00590,0,Peltigera
Bdellovibrio_uncl_Otu00590,0.06,Stereocaulon
Bdellovibrio_uncl_Otu00590,0.49,Sticta
Bdellovibrio_uncl_Otu00590,0,Usnea
Cyanobacteria_uncl_Otu00596,0.757990868,Cladonia
Cyanobacteria_uncl_Otu00596,0,Cora
Cyanobacteria_uncl_Otu00596,0,Hypotrachyna
Cyanobacteria_uncl_Otu00596,0,Peltigera
Cyanobacteria_uncl_Otu00596,0.242009132,Stereocaulon
Cyanobacteria_uncl_Otu00596,0,Sticta
Cyanobacteria_uncl_Otu00596,0,Usnea
Chitinophagaceae_uncl_99__Otu00597,0,Cladonia
Chitinophagaceae_uncl_99__Otu00597,0.105990783,Cora
Chitinophagaceae_uncl_99__Otu00597,0.101382488,Hypotrachyna
Chitinophagaceae_uncl_99__Otu00597,0.02764977,Peltigera
Chitinophagaceae_uncl_99__Otu00597,0,Stereocaulon
Chitinophagaceae_uncl_99__Otu00597,0.751152074,Sticta
Chitinophagaceae_uncl_99__Otu00597,0.013824885,Usnea
Brevundimonas_63__staleyi_63__Otu00625,0,Cladonia
Brevundimonas_63__staleyi_63__Otu00625,0,Cora
Brevundimonas_63__staleyi_63__Otu00625,0,Hypotrachyna
Brevundimonas_63__staleyi_63__Otu00625,0.990291262,Peltigera
Brevundimonas_63__staleyi_63__Otu00625,0.009708738,Stereocaulon
Brevundimonas_63__staleyi_63__Otu00625,0,Sticta
Brevundimonas_63__staleyi_63__Otu00625,0,Usnea
Rhodospirillaceae_uncl_58__Otu00645,0.670103093,Cladonia
Rhodospirillaceae_uncl_58__Otu00645,0,Cora
Rhodospirillaceae_uncl_58__Otu00645,0.092783505,Hypotrachyna
Rhodospirillaceae_uncl_58__Otu00645,0,Peltigera
Rhodospirillaceae_uncl_58__Otu00645,0.226804124,Stereocaulon
Rhodospirillaceae_uncl_58__Otu00645,0,Sticta
Rhodospirillaceae_uncl_58__Otu00645,0.010309278,Usnea
Nostocaceae_uncl_70__Otu00665,0,Cladonia
Nostocaceae_uncl_70__Otu00665,0,Cora
Nostocaceae_uncl_70__Otu00665,0.01754386,Hypotrachyna
Nostocaceae_uncl_70__Otu00665,0.590643275,Peltigera
Nostocaceae_uncl_70__Otu00665,0.035087719,Stereocaulon
Nostocaceae_uncl_70__Otu00665,0.321637427,Sticta
Nostocaceae_uncl_70__Otu00665,0.035087719,Usnea
Frankiaceae_uncl_99__Otu00682,0.006369427,Cladonia
Frankiaceae_uncl_99__Otu00682,0.01910828,Cora
Frankiaceae_uncl_99__Otu00682,0.394904459,Hypotrachyna
Frankiaceae_uncl_99__Otu00682,0.031847134,Peltigera
Frankiaceae_uncl_99__Otu00682,0.006369427,Stereocaulon
Frankiaceae_uncl_99__Otu00682,0.522292994,Sticta
Frankiaceae_uncl_99__Otu00682,0.01910828,Usnea
Cyanobacteria_uncl_Otu00720,0.805031447,Cladonia
Cyanobacteria_uncl_Otu00720,0,Cora
Cyanobacteria_uncl_Otu00720,0,Hypotrachyna
Cyanobacteria_uncl_Otu00720,0,Peltigera
Cyanobacteria_uncl_Otu00720,0.194968553,Stereocaulon
Cyanobacteria_uncl_Otu00720,0,Sticta
Cyanobacteria_uncl_Otu00720,0,Usnea
TM7-1_uncl_Otu00835,0,Cladonia
TM7-1_uncl_Otu00835,0.094827586,Cora
TM7-1_uncl_Otu00835,0.310344828,Hypotrachyna
TM7-1_uncl_Otu00835,0.034482759,Peltigera
TM7-1_uncl_Otu00835,0.017241379,Stereocaulon
TM7-1_uncl_Otu00835,0.534482759,Sticta
TM7-1_uncl_Otu00835,0.00862069,Usnea
Alphaproteobacteria_uncl_Otu00928,0,Cladonia
Alphaproteobacteria_uncl_Otu00928,0.337349398,Cora
Alphaproteobacteria_uncl_Otu00928,0.060240964,Hypotrachyna
Alphaproteobacteria_uncl_Otu00928,0.325301205,Peltigera
Alphaproteobacteria_uncl_Otu00928,0,Stereocaulon
Alphaproteobacteria_uncl_Otu00928,0.277108434,Sticta
Alphaproteobacteria_uncl_Otu00928,0,Usnea
Paucibacter_uncl_92__Otu00946,0,Cladonia
Paucibacter_uncl_92__Otu00946,0.043956044,Cora
Paucibacter_uncl_92__Otu00946,0.087912088,Hypotrachyna
Paucibacter_uncl_92__Otu00946,0.846153846,Peltigera
Paucibacter_uncl_92__Otu00946,0,Stereocaulon
Paucibacter_uncl_92__Otu00946,0.021978022,Sticta
Paucibacter_uncl_92__Otu00946,0,Usnea
Methylibium_92__petroleiphilum_54__Otu01012,0,Cladonia
Methylibium_92__petroleiphilum_54__Otu01012,0,Cora
Methylibium_92__petroleiphilum_54__Otu01012,0.01369863,Hypotrachyna
Methylibium_92__petroleiphilum_54__Otu01012,0.506849315,Peltigera
Methylibium_92__petroleiphilum_54__Otu01012,0,Stereocaulon
Methylibium_92__petroleiphilum_54__Otu01012,0.479452055,Sticta
Methylibium_92__petroleiphilum_54__Otu01012,0,Usnea
Nostocaceae_uncl_84__Otu01046,0.04,Cladonia
Nostocaceae_uncl_84__Otu01046,0.773333333,Cora
Nostocaceae_uncl_84__Otu01046,0.173333333,Hypotrachyna
Nostocaceae_uncl_84__Otu01046,0,Peltigera
Nostocaceae_uncl_84__Otu01046,0.013333333,Stereocaulon
Nostocaceae_uncl_84__Otu01046,0,Sticta
Nostocaceae_uncl_84__Otu01046,0,Usnea
Chthoniobacterales__uncl_52__Otu01290,0,Cladonia
Chthoniobacterales__uncl_52__Otu01290,0.12244898,Cora
Chthoniobacterales__uncl_52__Otu01290,0.081632653,Hypotrachyna
Chthoniobacterales__uncl_52__Otu01290,0.081632653,Peltigera
Chthoniobacterales__uncl_52__Otu01290,0.020408163,Stereocaulon
Chthoniobacterales__uncl_52__Otu01290,0.693877551,Sticta
Chthoniobacterales__uncl_52__Otu01290,0,Usnea
Betaproteobacteria_uncl_Otu01354,0,Cladonia
Betaproteobacteria_uncl_Otu01354,0.081081081,Cora
Betaproteobacteria_uncl_Otu01354,0.162162162,Hypotrachyna
Betaproteobacteria_uncl_Otu01354,0,Peltigera
Betaproteobacteria_uncl_Otu01354,0.027027027,Stereocaulon
Betaproteobacteria_uncl_Otu01354,0.72972973,Sticta
Betaproteobacteria_uncl_Otu01354,0,Usnea